{
  "name": "01_f437_motor_pid",
  "type": "ARM",
  "dependenceList": [],
  "srcDirs": [],
  "virtualFolder": {
    "name": "<virtual_root>",
    "files": [],
    "folders": [
      {
        "name": "Application",
        "files": [],
        "folders": [
          {
            "name": "MDK-ARM",
            "files": [
              {
                "path": "startup_stm32f427xx.s"
              }
            ],
            "folders": []
          },
          {
            "name": "User",
            "files": [],
            "folders": [
              {
                "name": "Core",
                "files": [
                  {
                    "path": "../Core/Src/main.c"
                  },
                  {
                    "path": "../Core/Src/gpio.c"
                  },
                  {
                    "path": "../Core/Src/can.c"
                  },
                  {
                    "path": "../Core/Src/stm32f4xx_it.c"
                  },
                  {
                    "path": "../Core/Src/stm32f4xx_hal_msp.c"
                  }
                ],
                "folders": []
              }
            ]
          }
        ]
      },
      {
        "name": "Drivers",
        "files": [],
        "folders": [
          {
            "name": "STM32F4xx_HAL_Driver",
            "files": [
              {
                "path": "../Drivers/STM32F4xx_HAL_Driver/Src/stm32f4xx_hal_can.c"
              },
              {
                "path": "../Drivers/STM32F4xx_HAL_Driver/Src/stm32f4xx_hal_rcc.c"
              },
              {
                "path": "../Drivers/STM32F4xx_HAL_Driver/Src/stm32f4xx_hal_rcc_ex.c"
              },
              {
                "path": "../Drivers/STM32F4xx_HAL_Driver/Src/stm32f4xx_hal_flash.c"
              },
              {
                "path": "../Drivers/STM32F4xx_HAL_Driver/Src/stm32f4xx_hal_flash_ex.c"
              },
              {
                "path": "../Drivers/STM32F4xx_HAL_Driver/Src/stm32f4xx_hal_flash_ramfunc.c"
              },
              {
                "path": "../Drivers/STM32F4xx_HAL_Driver/Src/stm32f4xx_hal_gpio.c"
              },
              {
                "path": "../Drivers/STM32F4xx_HAL_Driver/Src/stm32f4xx_hal_dma_ex.c"
              },
              {
                "path": "../Drivers/STM32F4xx_HAL_Driver/Src/stm32f4xx_hal_dma.c"
              },
              {
                "path": "../Drivers/STM32F4xx_HAL_Driver/Src/stm32f4xx_hal_pwr.c"
              },
              {
                "path": "../Drivers/STM32F4xx_HAL_Driver/Src/stm32f4xx_hal_pwr_ex.c"
              },
              {
                "path": "../Drivers/STM32F4xx_HAL_Driver/Src/stm32f4xx_hal_cortex.c"
              },
              {
                "path": "../Drivers/STM32F4xx_HAL_Driver/Src/stm32f4xx_hal.c"
              },
              {
                "path": "../Drivers/STM32F4xx_HAL_Driver/Src/stm32f4xx_hal_exti.c"
              },
              {
                "path": "../Drivers/STM32F4xx_HAL_Driver/Src/stm32f4xx_hal_tim.c"
              },
              {
                "path": "../Drivers/STM32F4xx_HAL_Driver/Src/stm32f4xx_hal_tim_ex.c"
              }
            ],
            "folders": []
          },
          {
            "name": "CMSIS",
            "files": [
              {
                "path": "../Core/Src/system_stm32f4xx.c"
              }
            ],
            "folders": []
          }
        ]
      },
      {
        "name": "algorithm",
        "files": [
          {
            "path": "../algorithm/pid.c"
          }
        ],
        "folders": []
      },
      {
        "name": "Boards",
        "files": [
          {
            "path": "../Boards/bsp_can.c"
          },
          {
            "path": "../Boards/CAN_receive.c"
          },
          {
            "path": "../Boards/struct_typedef.h"
          }
        ],
        "folders": []
      },
      {
        "name": "::CMSIS",
        "files": [],
        "folders": []
      }
    ]
  },
  "outDir": "build",
  "deviceName": null,
  "packDir": null,
  "miscInfo": {
    "uid": "732fb278ccde09e27899f7a6fdaa4ec7"
  },
  "targets": {
    "01_f437_motor_pid": {
      "excludeList": [],
      "toolchain": "AC5",
      "compileConfig": {
        "cpuType": "Cortex-M4",
        "floatingPointHardware": "single",
        "scatterFilePath": "",
        "useCustomScatterFile": false,
        "storageLayout": {
          "RAM": [
            {
              "tag": "RAM",
              "id": 1,
              "mem": {
                "startAddr": "0x0",
                "size": "0x0"
              },
              "isChecked": false,
              "noInit": false
            },
            {
              "tag": "RAM",
              "id": 2,
              "mem": {
                "startAddr": "0x0",
                "size": "0x0"
              },
              "isChecked": false,
              "noInit": false
            },
            {
              "tag": "RAM",
              "id": 3,
              "mem": {
                "startAddr": "0x0",
                "size": "0x0"
              },
              "isChecked": false,
              "noInit": false
            },
            {
              "tag": "IRAM",
              "id": 1,
              "mem": {
                "startAddr": "0x20000000",
                "size": "0x30000"
              },
              "isChecked": true,
              "noInit": false
            },
            {
              "tag": "IRAM",
              "id": 2,
              "mem": {
                "startAddr": "0x10000000",
                "size": "0x10000"
              },
              "isChecked": true,
              "noInit": false
            }
          ],
          "ROM": [
            {
              "tag": "ROM",
              "id": 1,
              "mem": {
                "startAddr": "0x0",
                "size": "0x0"
              },
              "isChecked": false,
              "isStartup": false
            },
            {
              "tag": "ROM",
              "id": 2,
              "mem": {
                "startAddr": "0x0",
                "size": "0x0"
              },
              "isChecked": false,
              "isStartup": false
            },
            {
              "tag": "ROM",
              "id": 3,
              "mem": {
                "startAddr": "0x0",
                "size": "0x0"
              },
              "isChecked": false,
              "isStartup": false
            },
            {
              "tag": "IROM",
              "id": 1,
              "mem": {
                "startAddr": "0x8000000",
                "size": "0x200000"
              },
              "isChecked": true,
              "isStartup": true
            },
            {
              "tag": "IROM",
              "id": 2,
              "mem": {
                "startAddr": "0x0",
                "size": "0x0"
              },
              "isChecked": false,
              "isStartup": false
            }
          ]
        },
        "options": "null"
      },
      "uploader": "JLink",
      "uploadConfig": {
        "bin": "",
        "baseAddr": "",
        "cpuInfo": {
          "vendor": "null",
          "cpuName": "null"
        },
        "proType": 1,
        "speed": 8000,
        "otherCmds": ""
      },
      "uploadConfigMap": {},
      "custom_dep": {
        "name": "default",
        "incList": [
          "../Core/Inc",
          "../Drivers/STM32F4xx_HAL_Driver/Inc",
          "../Drivers/STM32F4xx_HAL_Driver/Inc/Legacy",
          "../Drivers/CMSIS/Device/ST/STM32F4xx/Include",
          "../Drivers/CMSIS/Include",
          "../algorithm",
          "../Boards",
          ".cmsis/include",
          "RTE/_01_f437_motor_pid"
        ],
        "libList": [],
        "defineList": [
          "USE_HAL_DRIVER",
          "STM32F427xx"
        ]
      }
    }
  },
  "version": "3.4"
}